state_name,state_po,state_fips,district,pres2020_votes,gov2020_votes,sen2020_votes,house2020_votes,total,cvap,pres2016_votes,pres2012_votes,house2016_votes
Alabama,AL,1.0,1,321461.0,,316478.0,306161.0,706503.0,534357.0,306612.0,299437.0,215893.0
Alabama,AL,1.0,2,298983.0,,294349.0,284533.0,680575.0,516042.0,288614.0,290445.0,276584.0
Alabama,AL,1.0,3,305242.0,,300511.0,290255.0,706705.0,538124.0,291758.0,280689.0,287104.0
Alabama,AL,1.0,4,307918.0,,303145.0,292755.0,683391.0,511065.0,293729.0,275056.0,239444.0
Alabama,AL,1.0,5,335069.0,,329875.0,289507.0,714145.0,540512.0,313139.0,297859.0,308326.0
Alabama,AL,1.0,6,360097.0,,354516.0,312147.0,703715.0,519888.0,333257.0,314973.0,329306.0
Alabama,AL,1.0,7,296325.0,,291732.0,255894.0,669646.0,511122.0,296259.0,315877.0,233028.0
Alaska,AK,2.0,0,330184.0,,321190.0,323413.0,738516.0,530385.0,318608.0,300495.0,308198.0
Arizona,AZ,4.0,1,320749.0,,317851.0,305929.0,753580.0,549353.0,287084.0,260107.0,280710.0
Arizona,AZ,4.0,2,352613.0,,349427.0,333073.0,719924.0,539385.0,318179.0,299749.0,315679.0
Arizona,AZ,4.0,3,237290.0,,235146.0,223089.0,771436.0,475508.0,210482.0,177282.0,151035.0
Arizona,AZ,4.0,4,338078.0,,335024.0,318865.0,768077.0,587617.0,300694.0,258096.0,284783.0
Arizona,AZ,4.0,5,399758.0,,396147.0,377619.0,803186.0,557497.0,334553.0,293805.0,320124.0
Arizona,AZ,4.0,6,407662.0,,403979.0,394433.0,776729.0,565541.0,340837.0,313478.0,324444.0
Arizona,AZ,4.0,7,195702.0,,193934.0,183626.0,801173.0,416822.0,165617.0,140934.0,158811.0
Arizona,AZ,4.0,8,389152.0,,385636.0,367675.0,777804.0,576753.0,329750.0,291183.0,298971.0
Arizona,AZ,4.0,9,332047.0,,329047.0,313943.0,774776.0,544288.0,285966.0,264615.0,277507.0
Arkansas,AR,5.0,1,272627.0,,240930.0,260084.0,722915.0,546407.0,260717.0,253459.0,241047.0
Arkansas,AR,5.0,2,321831.0,,284414.0,311871.0,760604.0,563787.0,306974.0,292515.0,302464.0
Arkansas,AR,5.0,3,308274.0,,272433.0,294603.0,795817.0,550216.0,292163.0,257668.0,280907.0
Arkansas,AR,5.0,4,279000.0,,246562.0,266165.0,711335.0,535460.0,270780.0,265825.0,244159.0
California,CA,6.0,1,329468.0,,,317009.0,706822.0,545539.0,316701.0,304470.0,314036.0
California,CA,6.0,2,370380.0,,,357767.0,717732.0,526768.0,347974.0,334037.0,330766.0
California,CA,6.0,3,284506.0,,,273154.0,736039.0,497300.0,264367.0,242118.0,256966.0
California,CA,6.0,4,381092.0,,,370557.0,734899.0,555490.0,356464.0,338237.0,350978.0
California,CA,6.0,5,330379.0,,,318987.0,728000.0,508533.0,307707.0,287170.0,292091.0
California,CA,6.0,6,267105.0,,,257173.0,751475.0,490566.0,246033.0,226234.0,235413.0
California,CA,6.0,7,335305.0,,,323858.0,747097.0,526910.0,306765.0,286507.0,297301.0
California,CA,6.0,8,246013.0,,,235713.0,721709.0,476414.0,234862.0,213012.0,220007.0
California,CA,6.0,9,254566.0,,,221081.0,758327.0,472835.0,240264.0,220705.0,232155.0
California,CA,6.0,10,255135.0,,,246647.0,744389.0,467771.0,241766.0,215497.0,241141.0
California,CA,6.0,11,342418.0,,,331724.0,754654.0,497584.0,315289.0,301671.0,298209.0
California,CA,6.0,12,389477.0,,,379884.0,756773.0,565460.0,361897.0,320959.0,338845.0
California,CA,6.0,13,355980.0,,,343881.0,754861.0,518344.0,337103.0,306861.0,322871.0
California,CA,6.0,14,332323.0,,,322643.0,753548.0,499148.0,300335.0,270364.0,286447.0
California,CA,6.0,15,319449.0,,,309484.0,773841.0,483611.0,287013.0,261076.0,269197.0
California,CA,6.0,16,182346.0,,,175010.0,728535.0,402445.0,171443.0,152224.0,167956.0
California,CA,6.0,17,279485.0,,,271273.0,771459.0,438346.0,250860.0,228212.0,233192.0
California,CA,6.0,18,359740.0,,,317466.0,740932.0,481624.0,338055.0,320185.0,323930.0
California,CA,6.0,19,292963.0,,,282490.0,759866.0,473611.0,259866.0,232857.0,245863.0
California,CA,6.0,20,266885.0,,,256660.0,735667.0,429821.0,258771.0,238766.0,255791.0
California,CA,6.0,21,142237.0,,,139173.0,712857.0,350034.0,134706.0,119445.0,132408.0
California,CA,6.0,22,259985.0,,,251927.0,755464.0,470490.0,242227.0,221673.0,234966.0
California,CA,6.0,23,259576.0,,,248573.0,740768.0,485639.0,246995.0,227703.0,241584.0
California,CA,6.0,24,327329.0,,,315322.0,734027.0,505763.0,314877.0,292928.0,310814.0
California,CA,6.0,25,296050.0,,,290185.0,718950.0,476031.0,275596.0,252699.0,261161.0
California,CA,6.0,26,312995.0,,,301767.0,725953.0,468926.0,294776.0,274135.0,280307.0
California,CA,6.0,27,290064.0,,,280385.0,717944.0,482729.0,266768.0,258430.0,250632.0
California,CA,6.0,28,317976.0,,,308764.0,715011.0,501365.0,291772.0,267104.0,270409.0
California,CA,6.0,29,209728.0,,,183008.0,721304.0,398512.0,197904.0,168188.0,171824.0
California,CA,6.0,30,336765.0,,,326541.0,764572.0,524892.0,305441.0,285735.0,282604.0
California,CA,6.0,31,250537.0,,,240614.0,744628.0,471085.0,230817.0,206610.0,215936.0
California,CA,6.0,32,237923.0,,,228918.0,719643.0,450000.0,221961.0,204533.0,186646.0
California,CA,6.0,33,387383.0,,,378380.0,713727.0,524125.0,356978.0,347123.0,330219.0
California,CA,6.0,34,191011.0,,,167655.0,729285.0,385029.0,186208.0,153973.0,159156.0
California,CA,6.0,35,212045.0,,,204079.0,741990.0,429877.0,190253.0,162020.0,171353.0
California,CA,6.0,36,253857.0,,,243605.0,743337.0,488389.0,239436.0,213319.0,232617.0
California,CA,6.0,37,291843.0,,,281088.0,724002.0,463813.0,278538.0,262325.0,237272.0
California,CA,6.0,38,267735.0,,,233818.0,716869.0,468908.0,250385.0,230285.0,232114.0
California,CA,6.0,39,308866.0,,,301806.0,727834.0,483902.0,274843.0,264000.0,263456.0
California,CA,6.0,40,168004.0,,,161519.0,711793.0,327106.0,166148.0,142171.0,149297.0
California,CA,6.0,41,230880.0,,,221696.0,754152.0,456205.0,208762.0,185760.0,197323.0
California,CA,6.0,42,301744.0,,,289990.0,795401.0,517569.0,270640.0,232935.0,254236.0
California,CA,6.0,43,250187.0,,,240802.0,727621.0,437169.0,236097.0,222615.0,219516.0
California,CA,6.0,44,205383.0,,,178766.0,723072.0,388042.0,199524.0,183913.0,178413.0
California,CA,6.0,45,359662.0,,,349998.0,772341.0,517976.0,328804.0,309951.0,311849.0
California,CA,6.0,46,194397.0,,,187110.0,728906.0,378526.0,182323.0,155770.0,164593.0
California,CA,6.0,47,280848.0,,,270862.0,714812.0,475459.0,260569.0,246062.0,242868.0
California,CA,6.0,48,351594.0,,,346214.0,726516.0,525036.0,320090.0,310048.0,306416.0
California,CA,6.0,49,345638.0,,,334761.0,737614.0,514955.0,316744.0,294994.0,310155.0
California,CA,6.0,50,314890.0,,,307461.0,747793.0,500272.0,295427.0,273777.0,283583.0
California,CA,6.0,51,211126.0,,,202993.0,729654.0,417977.0,207225.0,166981.0,199524.0
California,CA,6.0,52,369263.0,,,359649.0,765158.0,547077.0,332124.0,315310.0,320656.0
California,CA,6.0,53,341418.0,,,300353.0,769137.0,541636.0,313075.0,284840.0,296956.0
Colorado,CO,8.0,1,430144.0,,421301.0,420038.0,818722.0,585847.0,402453.0,368797.0,379036.0
Colorado,CO,8.0,2,491831.0,,481720.0,480260.0,796438.0,610704.0,471464.0,440651.0,457312.0
Colorado,CO,8.0,3,391044.0,,383005.0,385872.0,739107.0,551793.0,377176.0,358044.0,374037.0
Colorado,CO,8.0,4,417886.0,,409295.0,405562.0,799390.0,558105.0,402201.0,357970.0,390633.0
Colorado,CO,8.0,5,393930.0,,385831.0,382936.0,786912.0,578993.0,371828.0,339142.0,361993.0
Colorado,CO,8.0,6,406248.0,,397896.0,395879.0,805844.0,538733.0,380526.0,354987.0,376417.0
Colorado,CO,8.0,7,393804.0,,385708.0,383134.0,784728.0,555150.0,374571.0,349919.0,362010.0
Connecticut,CT,9.0,1,342672.0,,,330337.0,713076.0,519206.0,329297.0,317410.0,312924.0
Connecticut,CT,9.0,2,355484.0,,,342632.0,705024.0,549035.0,341300.0,317602.0,330257.0
Connecticut,CT,9.0,3,333659.0,,,321176.0,715728.0,532825.0,322349.0,305518.0,309379.0
Connecticut,CT,9.0,4,345633.0,,,334157.0,735915.0,484035.0,328720.0,310201.0,313540.0
Connecticut,CT,9.0,5,340898.0,,,328663.0,711761.0,515878.0,323251.0,307471.0,309082.0
Delaware,DE,10.0,0,466708.0,455545.0,453489.0,445010.0,949495.0,704108.0,441590.0,413890.0,420617.0
Florida,FL,12.0,5,321817.0,,,308206.0,729038.0,536289.0,312075.0,276025.0,302874.0
Florida,FL,12.0,6,404591.0,,,388639.0,753500.0,596696.0,379810.0,362483.0,364570.0
Florida,FL,12.0,7,399677.0,,,384933.0,757809.0,567729.0,363192.0,332062.0,353655.0
Florida,FL,12.0,8,417472.0,,,400821.0,742230.0,582791.0,401917.0,363053.0,390561.0
Florida,FL,12.0,9,387730.0,,,372771.0,837026.0,575460.0,356536.0,274613.0,339761.0
Florida,FL,12.0,10,350904.0,,,337063.0,808969.0,527540.0,315616.0,327038.0,305989.0
Florida,FL,12.0,11,430680.0,,,414224.0,754649.0,619225.0,411004.0,356383.0,394719.0
Florida,FL,12.0,12,410374.0,,,393702.0,757719.0,583296.0,380363.0,342628.0,369669.0
Florida,FL,12.0,13,387064.0,,,372037.0,723658.0,567936.0,360766.0,341399.0,355842.0
Florida,FL,12.0,14,361875.0,,,346415.0,763832.0,529478.0,330437.0,293993.0,316877.0
Florida,FL,12.0,15,367532.0,,,358552.0,777638.0,556293.0,334522.0,0.0,318474.0
Florida,FL,12.0,1,400185.0,,,384599.0,759701.0,579888.0,380106.0,353883.0,369186.0
Florida,FL,12.0,2,371194.0,,,322711.0,719213.0,559346.0,354954.0,341284.0,343362.0
Florida,FL,12.0,4,445038.0,,,429076.0,780575.0,587141.0,421624.0,349661.0,409662.0
Florida,FL,12.0,3,370012.0,,,354012.0,728979.0,555841.0,351694.0,328513.0,342700.0
Florida,FL,12.0,16,430744.0,,,416763.0,804662.0,597649.0,396813.0,358796.0,385916.0
Florida,FL,12.0,18,410658.0,,,397232.0,757228.0,570702.0,382480.0,342847.0,375918.0
Florida,FL,12.0,19,419458.0,,,403452.0,797066.0,592474.0,381164.0,320682.0,363166.0
Florida,FL,12.0,17,381101.0,,,366070.0,756549.0,587953.0,353867.0,297210.0,338675.0
Florida,FL,12.0,20,307184.0,,,294291.0,778060.0,482357.0,288815.0,262253.0,277560.0
Florida,FL,12.0,22,383214.0,,,368434.0,750149.0,526187.0,356488.0,327765.0,337850.0
Florida,FL,12.0,23,369637.0,,,354839.0,756127.0,505919.0,337786.0,286662.0,323120.0
Florida,FL,12.0,21,378214.0,,,363158.0,762765.0,530096.0,351667.0,323845.0,335861.0
Florida,FL,12.0,24,281042.0,,,269070.0,750906.0,454084.0,0.0,0.0,0.0
Florida,FL,12.0,25,281636.0,,,244737.0,763720.0,434837.0,264357.0,237269.0,253240.0
Florida,FL,12.0,26,314139.0,,,305366.0,774375.0,467186.0,289229.0,266474.0,280542.0
Florida,FL,12.0,27,320648.0,,,308478.0,751996.0,449720.0,297568.0,243810.0,287677.0
Georgia,GA,13.0,1,287126.0,,282922.0,273813.0,731698.0,536998.0,271041.0,260147.0,211112.0
Georgia,GA,13.0,2,250543.0,,246875.0,238554.0,675246.0,500423.0,249458.0,262837.0,242599.0
Georgia,GA,13.0,3,326021.0,,321248.0,310732.0,728046.0,532686.0,313568.0,296218.0,303187.0
Georgia,GA,13.0,4,312241.0,,307670.0,299028.0,748744.0,500103.0,300295.0,296932.0,290739.0
Georgia,GA,13.0,5,331910.0,,327051.0,316758.0,759756.0,565668.0,307423.0,290358.0,300549.0
Georgia,GA,13.0,6,366517.0,,361151.0,357112.0,744905.0,480080.0,333055.0,307096.0,326005.0
Georgia,GA,13.0,7,330801.0,,325958.0,322208.0,793740.0,473990.0,296583.0,263741.0,288301.0
Georgia,GA,13.0,8,274573.0,,270553.0,261287.0,704814.0,517907.0,266964.0,265962.0,257208.0
Georgia,GA,13.0,9,317781.0,,313129.0,303126.0,735832.0,528554.0,298839.0,265550.0,256535.0
Georgia,GA,13.0,10,327930.0,,323129.0,311456.0,740458.0,547704.0,316794.0,294851.0,244821.0
Georgia,GA,13.0,11,364542.0,,359205.0,350014.0,756192.0,526835.0,331415.0,300276.0,323318.0
Georgia,GA,13.0,12,276602.0,,272553.0,263447.0,718746.0,531858.0,269136.0,268283.0,258912.0
Georgia,GA,13.0,13,316675.0,,312039.0,303016.0,749389.0,508991.0,302884.0,292879.0,252833.0
Georgia,GA,13.0,14,268400.0,,264471.0,231995.0,709918.0,502896.0,257270.0,232701.0,216743.0
Hawaii,HI,15.0,1,241082.0,,,234253.0,710707.0,507266.0,213558.0,217898.0,213531.0
Hawaii,HI,15.0,2,245975.0,,,238010.0,711322.0,509290.0,224105.0,219260.0,224133.0
Idaho,ID,16.0,1,382026.0,,377466.0,371334.0,869560.0,628837.0,359661.0,328258.0,355357.0
Idaho,ID,16.0,2,347807.0,,343655.0,338219.0,818249.0,563905.0,330594.0,324016.0,326237.0
Illinois,IL,17.0,1,329077.0,,321985.0,317134.0,708118.0,522127.0,326960.0,332728.0,315862.0
Illinois,IL,17.0,2,302918.0,,296390.0,292683.0,703782.0,509750.0,304352.0,311174.0,294522.0
Illinois,IL,17.0,3,299997.0,,293532.0,290087.0,717897.0,477695.0,285654.0,256894.0,225411.0
Illinois,IL,17.0,4,219674.0,,214940.0,212700.0,699621.0,380590.0,210435.0,169434.0,171297.0
Illinois,IL,17.0,5,361285.0,,353499.0,353600.0,740075.0,538568.0,326820.0,285240.0,313724.0
Illinois,IL,17.0,6,387613.0,,379260.0,378450.0,727847.0,518628.0,354616.0,336937.0,352146.0
Illinois,IL,17.0,7,324056.0,,317072.0,311829.0,724652.0,522276.0,310905.0,302889.0,297466.0
Illinois,IL,17.0,8,283726.0,,277612.0,251115.0,715095.0,448181.0,255677.0,232124.0,248571.0
Illinois,IL,17.0,9,359494.0,,351747.0,350081.0,723507.0,505675.0,340403.0,308494.0,326948.0
Illinois,IL,17.0,10,311418.0,,304707.0,302391.0,712819.0,462773.0,288995.0,273616.0,285996.0
Illinois,IL,17.0,11,305965.0,,299371.0,296818.0,722593.0,467647.0,280291.0,263346.0,275573.0
Illinois,IL,17.0,12,321270.0,,314347.0,310254.0,697270.0,533604.0,316605.0,310295.0,313002.0
Illinois,IL,17.0,13,326667.0,,319627.0,322334.0,704851.0,540956.0,320748.0,301089.0,314394.0
Illinois,IL,17.0,14,375012.0,,366930.0,367096.0,735045.0,518415.0,344243.0,316593.0,338097.0
Illinois,IL,17.0,15,325419.0,,318406.0,315255.0,696632.0,534531.0,321212.0,308464.0,274554.0
Illinois,IL,17.0,16,319539.0,,312653.0,309255.0,695502.0,522663.0,312737.0,303686.0,259853.0
Illinois,IL,17.0,17,292780.0,,286471.0,287851.0,688356.0,514978.0,287792.0,294702.0,287068.0
Illinois,IL,17.0,18,362975.0,,355153.0,352861.0,707835.0,536130.0,347969.0,334303.0,347283.0
Indiana,IN,18.0,1,304751.0,302454.0,,294476.0,715348.0,532399.0,301421.0,297130.0,254583.0
Indiana,IN,18.0,2,283312.0,281177.0,,274970.0,722805.0,521068.0,276986.0,275696.0,277357.0
Indiana,IN,18.0,3,297455.0,295213.0,,289262.0,739773.0,532787.0,292293.0,286903.0,287247.0
Indiana,IN,18.0,4,310361.0,308022.0,,300879.0,750717.0,551424.0,303527.0,279342.0,299434.0
Indiana,IN,18.0,5,387243.0,384325.0,,377246.0,767053.0,561065.0,365002.0,341774.0,361135.0
Indiana,IN,18.0,6,304853.0,302556.0,,295464.0,718706.0,546735.0,302667.0,285035.0,296385.0
Indiana,IN,18.0,7,271029.0,268987.0,,262728.0,755358.0,513114.0,265391.0,261888.0,264670.0
Indiana,IN,18.0,8,304413.0,302119.0,,294887.0,719671.0,549703.0,301927.0,293718.0,294713.0
Indiana,IN,18.0,9,329872.0,327386.0,,319334.0,747995.0,567923.0,325739.0,303043.0,322843.0
Iowa,IA,19.0,1,397649.0,,394063.0,392281.0,772171.0,579428.0,393851.0,403398.0,384977.0
Iowa,IA,19.0,2,387609.0,,384114.0,381438.0,780050.0,580155.0,382794.0,396173.0,370032.0
Iowa,IA,19.0,3,421879.0,,418075.0,414324.0,822826.0,589474.0,406199.0,397668.0,390287.0
Iowa,IA,19.0,4,380536.0,,377105.0,368172.0,757452.0,563609.0,382734.0,384939.0,370259.0
Kansas,KS,20.0,1,273803.0,,271775.0,263511.0,708511.0,503442.0,266444.0,264131.0,257971.0
Kansas,KS,20.0,2,304619.0,,302363.0,294622.0,714992.0,537829.0,297532.0,295724.0,297401.0
Kansas,KS,20.0,3,370890.0,,368143.0,357718.0,762091.0,523041.0,344136.0,331875.0,343113.0
Kansas,KS,20.0,4,288046.0,,285912.0,276568.0,723182.0,513254.0,276289.0,268238.0,275251.0
Kentucky,KY,21.0,1,316375.0,,312043.0,299749.0,720226.0,548107.0,310420.0,296852.0,299001.0
Kentucky,KY,21.0,2,332888.0,,328329.0,315991.0,753608.0,564798.0,324638.0,294341.0,251825.0
Kentucky,KY,21.0,3,350367.0,,345569.0,333325.0,745082.0,551677.0,340175.0,328457.0,334494.0
Kentucky,KY,21.0,4,352388.0,,347562.0,334016.0,753376.0,560084.0,337279.0,311099.0,327987.0
Kentucky,KY,21.0,5,286332.0,,282411.0,270812.0,702070.0,543734.0,278491.0,261536.0,221242.0
Kentucky,KY,21.0,6,344386.0,,339670.0,329959.0,765842.0,569798.0,333142.0,304923.0,330827.0
Louisiana,LA,22.0,1,370717.0,,365317.0,359989.0,801089.0,588031.0,356482.0,332922.0,326788.0
Louisiana,LA,22.0,2,329811.0,,325007.0,320265.0,789120.0,584181.0,331702.0,328306.0,284269.0
Louisiana,LA,22.0,3,345534.0,,340501.0,334060.0,783013.0,574079.0,343024.0,333572.0,282443.0
Louisiana,LA,22.0,4,315761.0,,311162.0,306065.0,753519.0,560938.0,318462.0,324250.0,268761.0
Louisiana,LA,22.0,5,315494.0,,310899.0,305738.0,747722.0,561945.0,323409.0,329531.0,255662.0
Louisiana,LA,22.0,6,369124.0,,363748.0,357725.0,789153.0,583593.0,355951.0,345481.0,331098.0
Maine,ME,23.0,1,402905.0,,400831.0,391021.0,679024.0,538714.0,407168.0,381740.0,406942.0
Maine,ME,23.0,2,351839.0,,350028.0,342838.0,653789.0,520828.0,364723.0,343017.0,364886.0
Maryland,MD,24.0,1,380837.0,,,368427.0,730442.0,558900.0,372226.0,356972.0,362097.0
Maryland,MD,24.0,2,334654.0,,,324264.0,762351.0,546280.0,320631.0,310619.0,309480.0
Maryland,MD,24.0,3,373442.0,,,363082.0,756296.0,546551.0,349030.0,336972.0,339675.0
Maryland,MD,24.0,4,342635.0,,,332149.0,749033.0,495551.0,330401.0,328480.0,320650.0
Maryland,MD,24.0,5,383867.0,,,371508.0,760819.0,550090.0,369569.0,356661.0,360634.0
Maryland,MD,24.0,6,358833.0,,,347639.0,765910.0,521983.0,342657.0,324912.0,331973.0
Maryland,MD,24.0,7,332192.0,,,320787.0,719951.0,532107.0,326550.0,338602.0,318912.0
Maryland,MD,24.0,8,385028.0,,,374337.0,758633.0,510926.0,370376.0,354104.0,364324.0
Massachusetts,MA,25.0,1,348001.0,,341075.0,300684.0,730959.0,560125.0,350428.0,336103.0,349676.0
Massachusetts,MA,25.0,2,368710.0,,361372.0,352034.0,747493.0,558600.0,362921.0,342392.0,363197.0
Massachusetts,MA,25.0,3,360274.0,,353104.0,311466.0,763936.0,535921.0,359968.0,335345.0,360124.0
Massachusetts,MA,25.0,4,399741.0,,391785.0,382885.0,754622.0,551136.0,394258.0,372850.0,395304.0
Massachusetts,MA,25.0,5,390520.0,,382748.0,374773.0,766241.0,524538.0,385718.0,364644.0,385455.0
Massachusetts,MA,25.0,6,412148.0,,403945.0,395044.0,767907.0,567997.0,414168.0,390074.0,415749.0
Massachusetts,MA,25.0,7,317732.0,,311408.0,273706.0,795850.0,533333.0,311818.0,285088.0,309645.0
Massachusetts,MA,25.0,8,399249.0,,391303.0,347739.0,764581.0,562451.0,395446.0,371923.0,396009.0
Massachusetts,MA,25.0,9,396683.0,,388788.0,379193.0,738604.0,570585.0,404092.0,385773.0,403642.0
Michigan,MI,26.0,1,382115.0,,377148.0,371963.0,699432.0,562349.0,364812.0,354290.0,360271.0
Michigan,MI,26.0,2,363836.0,,359106.0,354192.0,735626.0,538157.0,347152.0,330541.0,339328.0
Michigan,MI,26.0,3,374110.0,,369247.0,370997.0,737911.0,538607.0,350142.0,335002.0,342365.0
Michigan,MI,26.0,4,345435.0,,340944.0,335022.0,701141.0,549247.0,328852.0,321956.0,315751.0
Michigan,MI,26.0,5,336051.0,,331682.0,325578.0,679543.0,522911.0,328185.0,339538.0,319291.0
Michigan,MI,26.0,6,354645.0,,350035.0,349245.0,716503.0,536350.0,332605.0,326048.0,329565.0
Michigan,MI,26.0,7,363041.0,,358322.0,352143.0,705518.0,542743.0,340993.0,332380.0,334807.0
Michigan,MI,26.0,8,403089.0,,397849.0,396651.0,736078.0,547280.0,375669.0,359401.0,366968.0
Michigan,MI,26.0,9,377152.0,,372249.0,366251.0,718682.0,546063.0,356416.0,349610.0,344775.0
Michigan,MI,26.0,10,375533.0,,370651.0,363206.0,717176.0,546833.0,358453.0,339890.0,340983.0
Michigan,MI,26.0,11,418999.0,,413552.0,414246.0,727670.0,527362.0,391657.0,381527.0,379488.0
Michigan,MI,26.0,12,355077.0,,350461.0,343491.0,711209.0,525003.0,339156.0,329051.0,328542.0
Michigan,MI,26.0,13,272487.0,,268945.0,263257.0,679044.0,486640.0,265839.0,293659.0,257797.0
Michigan,MI,26.0,14,328958.0,,324682.0,317781.0,691955.0,503123.0,319347.0,338061.0,310974.0
Minnesota,MN,27.0,1,350612.0,,346466.0,340238.0,672649.0,494576.0,344012.0,345014.0,335873.0
Minnesota,MN,27.0,2,395847.0,,391167.0,380453.0,698522.0,499925.0,381414.0,377955.0,370515.0
Minnesota,MN,27.0,3,420596.0,,415623.0,402759.0,710378.0,506587.0,400713.0,402791.0,393457.0
Minnesota,MN,27.0,4,375799.0,,371356.0,358056.0,706259.0,501574.0,367044.0,371861.0,351945.0
Minnesota,MN,27.0,5,391564.0,,386934.0,373736.0,707352.0,508322.0,374330.0,374996.0,361875.0
Minnesota,MN,27.0,6,389792.0,,385183.0,370242.0,702583.0,510172.0,374409.0,365396.0,358930.0
Minnesota,MN,27.0,7,344455.0,,340382.0,334121.0,664941.0,496634.0,340150.0,335994.0,330823.0
Minnesota,MN,27.0,8,368226.0,,363872.0,349902.0,664674.0,519505.0,362707.0,362550.0,356971.0
Mississippi,MS,28.0,1,316792.0,,313283.0,307908.0,760715.0,568153.0,310622.0,319986.0,300423.0
Mississippi,MS,28.0,2,285945.0,,282778.0,277732.0,711716.0,526319.0,291426.0,330543.0,286626.0
Mississippi,MS,28.0,3,326963.0,,323341.0,317185.0,749199.0,561987.0,323853.0,340145.0,316445.0
Mississippi,MS,28.0,4,297188.0,,293896.0,262594.0,767132.0,572200.0,283455.0,294909.0,278779.0
Missouri,MO,29.0,1,311078.0,308507.0,,295883.0,732537.0,546923.0,320422.0,350829.0,314024.0
Missouri,MO,29.0,2,425707.0,422189.0,,415264.0,763266.0,577377.0,421144.0,411992.0,413296.0
Missouri,MO,29.0,3,379255.0,376121.0,,360739.0,782693.0,590936.0,379814.0,353496.0,368333.0
Missouri,MO,29.0,4,335803.0,333028.0,,319313.0,765070.0,580532.0,341158.0,329291.0,332234.0
Missouri,MO,29.0,5,325334.0,322646.0,,309663.0,764511.0,564144.0,329642.0,338346.0,324270.0
Missouri,MO,29.0,6,352773.0,349858.0,,335278.0,768533.0,576229.0,354918.0,341952.0,350444.0
Missouri,MO,29.0,7,338985.0,336184.0,,322833.0,773182.0,582596.0,342943.0,325978.0,338607.0
Missouri,MO,29.0,8,310183.0,307620.0,,293573.0,740270.0,567257.0,318560.0,305436.0,308871.0
Nebraska,NE,31.0,1,294367.0,,290304.0,281338.0,641533.0,463387.0,281396.0,265962.0,273238.0
Nebraska,NE,31.0,2,315157.0,,310807.0,307718.0,659795.0,454282.0,290739.0,267973.0,288308.0
Nebraska,NE,31.0,3,278193.0,,274353.0,265945.0,603432.0,441117.0,272091.0,260443.0,226720.0
New Hampshire,NH,33.0,1,397379.0,392532.0,390781.0,386440.0,677001.0,528004.0,378083.0,358107.0,365984.0
New Hampshire,NH,33.0,2,384053.0,379368.0,377677.0,370387.0,666621.0,520197.0,366212.0,352864.0,350509.0
New Jersey,NJ,34.0,1,345155.0,,332615.0,328694.0,726200.0,536815.0,329188.0,325737.0,305473.0
New Jersey,NJ,34.0,2,337608.0,,325342.0,327684.0,719651.0,532199.0,321004.0,311398.0,297795.0
New Jersey,NJ,34.0,3,389912.0,,375746.0,378345.0,735635.0,563944.0,365240.0,345390.0,328060.0
New Jersey,NJ,34.0,4,377309.0,,363600.0,360290.0,739922.0,525459.0,356583.0,332207.0,332684.0
New Jersey,NJ,34.0,5,389368.0,,375221.0,376680.0,737642.0,530543.0,364545.0,338167.0,337701.0
New Jersey,NJ,34.0,6,310873.0,,299578.0,296805.0,736045.0,488751.0,289647.0,265594.0,263435.0
New Jersey,NJ,34.0,7,392163.0,,377915.0,381930.0,739893.0,522279.0,371592.0,339761.0,343635.0
New Jersey,NJ,34.0,8,245563.0,,236641.0,233698.0,760952.0,422617.0,229736.0,207053.0,174889.0
New Jersey,NJ,34.0,9,291967.0,,281359.0,277760.0,751755.0,474648.0,276738.0,252910.0,233242.0
New Jersey,NJ,34.0,10,283184.0,,272895.0,269013.0,749828.0,488241.0,274410.0,272074.0,222771.0
New Jersey,NJ,34.0,11,403952.0,,389275.0,388691.0,735773.0,539109.0,380595.0,350482.0,334992.0
New Jersey,NJ,34.0,12,332820.0,,320728.0,318000.0,748549.0,493010.0,314766.0,297720.0,288634.0
New Mexico,NM,35.0,1,295462.0,,291686.0,281806.0,695519.0,504124.0,285170.0,282195.0,277967.0
New Mexico,NM,35.0,2,241702.0,,238613.0,235091.0,700177.0,476942.0,234095.0,230391.0,228817.0
New Mexico,NM,35.0,3,283564.0,,279940.0,270064.0,696738.0,504424.0,279053.0,271171.0,273342.0
New York,NY,36.0,1,359469.0,,,348313.0,717383.0,528703.0,342667.0,297545.0,341554.0
New York,NY,36.0,2,331601.0,,,322665.0,715030.0,506316.0,319087.0,274390.0,317552.0
New York,NY,36.0,3,372226.0,,,357947.0,727480.0,524037.0,351668.0,308160.0,350966.0
New York,NY,36.0,4,356370.0,,,341150.0,722626.0,502777.0,343047.0,310070.0,343179.0
New York,NY,36.0,5,266473.0,,,230575.0,772342.0,499846.0,251534.0,213692.0,249236.0
New York,NY,36.0,6,230995.0,,,221250.0,732433.0,447821.0,211123.0,186230.0,210378.0
New York,NY,36.0,7,220945.0,,,209887.0,734208.0,439894.0,208259.0,181734.0,206983.0
New York,NY,36.0,8,272247.0,,,259075.0,771343.0,524680.0,259650.0,236785.0,257602.0
New York,NY,36.0,9,271418.0,,,259205.0,733271.0,474026.0,258488.0,241064.0,256853.0
New York,NY,36.0,10,291862.0,,,280156.0,730760.0,484551.0,266795.0,237314.0,266516.0
New York,NY,36.0,11,274509.0,,,266798.0,730634.0,498885.0,253057.0,215346.0,251718.0
New York,NY,36.0,12,348041.0,,,338730.0,719072.0,541938.0,312593.0,269387.0,312289.0
New York,NY,36.0,13,258205.0,,,247219.0,774528.0,481435.0,257066.0,233255.0,255239.0
New York,NY,36.0,14,205248.0,,,196535.0,705681.0,398537.0,198532.0,170625.0,197301.0
New York,NY,36.0,15,196322.0,,,187267.0,744647.0,398953.0,194926.0,178250.0,193703.0
New York,NY,36.0,16,297435.0,,,257090.0,741586.0,496408.0,288356.0,269510.0,287556.0
New York,NY,36.0,17,334585.0,,,320074.0,738481.0,483325.0,324112.0,296265.0,325571.0
New York,NY,36.0,18,329579.0,,,317013.0,721629.0,522242.0,316222.0,292736.0,319123.0
New York,NY,36.0,19,330864.0,,,318481.0,700993.0,551700.0,325367.0,305031.0,326588.0
New York,NY,36.0,20,339834.0,,,325323.0,725925.0,557279.0,331100.0,317027.0,332499.0
New York,NY,36.0,21,291732.0,,,279000.0,706791.0,551734.0,284612.0,267533.0,288611.0
New York,NY,36.0,22,300082.0,,,292758.0,699564.0,542323.0,295323.0,278972.0,296086.0
New York,NY,36.0,23,298652.0,,,285737.0,699965.0,543451.0,295386.0,278644.0,296198.0
New York,NY,36.0,24,319872.0,,,312221.0,707425.0,540730.0,314288.0,302525.0,315429.0
New York,NY,36.0,25,340039.0,,,325678.0,717362.0,541684.0,335543.0,321477.0,336386.0
New York,NY,36.0,26,311349.0,,,297965.0,711502.0,541250.0,310077.0,304303.0,310819.0
New York,NY,36.0,27,355777.0,,,340622.0,715792.0,562160.0,353192.0,328898.0,354426.0
North Carolina,NC,37.0,1,364927.0,362496.0,362608.0,348782.0,753591.0,557211.0,359209.0,346738.0,350699.0
North Carolina,NC,37.0,2,430515.0,427648.0,427780.0,415278.0,822252.0,575760.0,402210.0,322154.0,390567.0
North Carolina,NC,37.0,3,351535.0,349194.0,349302.0,336373.0,754824.0,574029.0,332622.0,318009.0,323701.0
North Carolina,NC,37.0,4,446276.0,443304.0,443441.0,430145.0,840168.0,586766.0,417772.0,362452.0,409541.0
North Carolina,NC,37.0,5,373276.0,370790.0,370904.0,357199.0,752439.0,563567.0,362569.0,354579.0,355512.0
North Carolina,NC,37.0,6,375769.0,373266.0,373382.0,361800.0,762671.0,557592.0,363410.0,373714.0,351150.0
North Carolina,NC,37.0,7,385836.0,383266.0,383385.0,369051.0,787034.0,590446.0,362453.0,342360.0,347706.0
North Carolina,NC,37.0,8,354913.0,352549.0,352658.0,344821.0,779035.0,565030.0,335440.0,308655.0,323045.0
North Carolina,NC,37.0,9,378993.0,376469.0,376585.0,366720.0,779186.0,553974.0,348256.0,385823.0,332493.0
North Carolina,NC,37.0,10,377363.0,374850.0,374965.0,361339.0,753325.0,573691.0,359620.0,341892.0,349744.0
North Carolina,NC,37.0,11,389852.0,387255.0,387375.0,379268.0,752316.0,588024.0,368678.0,338457.0,359508.0
North Carolina,NC,37.0,12,396694.0,394052.0,394174.0,346445.0,847254.0,561866.0,360847.0,318724.0,349300.0
North Carolina,NC,37.0,13,380649.0,378114.0,378231.0,364990.0,771529.0,565225.0,368472.0,391808.0,355492.0
North Dakota,ND,38.0,0,356953.0,351857.0,,346070.0,752201.0,562632.0,344360.0,322932.0,338459.0
Ohio,OH,39.0,1,370401.0,,,359344.0,737765.0,537446.0,362373.0,363594.0,354788.0
Ohio,OH,39.0,2,366287.0,,,348831.0,728702.0,553183.0,355924.0,355117.0,340279.0
Ohio,OH,39.0,3,326336.0,,,312057.0,785158.0,545024.0,315089.0,312939.0,291351.0
Ohio,OH,39.0,4,328241.0,,,312749.0,711251.0,544818.0,325613.0,331391.0,309208.0
Ohio,OH,39.0,5,368947.0,,,351901.0,722734.0,551926.0,360694.0,362052.0,344991.0
Ohio,OH,39.0,6,325101.0,,,309287.0,700099.0,550236.0,321017.0,319940.0,302755.0
Ohio,OH,39.0,7,339098.0,,,323148.0,726547.0,551430.0,329916.0,333866.0,309553.0
Ohio,OH,39.0,8,350151.0,,,333305.0,728116.0,542785.0,343804.0,341543.0,325506.0
Ohio,OH,39.0,9,312254.0,,,297597.0,709760.0,538404.0,302553.0,321454.0,282398.0
Ohio,OH,39.0,10,354017.0,,,339111.0,721945.0,548220.0,349218.0,358592.0,336602.0
Ohio,OH,39.0,11,321232.0,,,305919.0,693817.0,524659.0,324262.0,361125.0,302686.0
Ohio,OH,39.0,12,417691.0,,,402313.0,770907.0,571539.0,388431.0,381462.0,377534.0
Ohio,OH,39.0,13,329243.0,,,314192.0,710422.0,555059.0,320829.0,337776.0,308004.0
Ohio,OH,39.0,14,391672.0,,,374313.0,717865.0,550315.0,370372.0,377833.0,350269.0
Ohio,OH,39.0,15,376207.0,,,358939.0,754510.0,576086.0,356448.0,347924.0,336807.0
Ohio,OH,39.0,16,392109.0,,,375276.0,722281.0,556785.0,369935.0,374209.0,345624.0
Oklahoma,OK,40.0,1,326053.0,,321632.0,313345.0,797151.0,557314.0,0.0,287282.0,0.0
Oklahoma,OK,40.0,2,285720.0,,281846.0,273527.0,748286.0,562498.0,271844.0,252162.0,268870.0
Oklahoma,OK,40.0,3,308998.0,,304808.0,296047.0,776845.0,564378.0,293417.0,269736.0,290615.0
Oklahoma,OK,40.0,4,315582.0,,311303.0,302944.0,783867.0,582544.0,295463.0,262386.0,293189.0
Oklahoma,OK,40.0,5,303804.0,,299685.0,297325.0,811988.0,552434.0,280761.0,263305.0,280570.0
Oregon,OR,41.0,1,419844.0,,409755.0,403240.0,832139.0,582389.0,397075.0,353601.0,378095.0
Oregon,OR,41.0,2,401057.0,,391420.0,384348.0,805737.0,600024.0,395922.0,348468.0,380739.0
Oregon,OR,41.0,3,435686.0,,425216.0,418378.0,830995.0,613773.0,414228.0,374816.0,382355.0
Oregon,OR,41.0,4,410072.0,,400218.0,398513.0,794776.0,619856.0,406760.0,367164.0,397568.0
Oregon,OR,41.0,5,399197.0,,389604.0,382278.0,818296.0,586219.0,387348.0,345218.0,373108.0
Pennsylvania,PA,42.0,1,356240.0,,,342760.0,709207.0,537869.0,315636.0,297368.0,299010.0
Pennsylvania,PA,42.0,2,351875.0,,,331903.0,734861.0,496243.0,369792.0,374458.0,357645.0
Pennsylvania,PA,42.0,3,331554.0,,,312604.0,722979.0,555345.0,324242.0,307769.0,244893.0
Pennsylvania,PA,42.0,4,374074.0,,,355471.0,724647.0,539399.0,338720.0,311372.0,334000.0
Pennsylvania,PA,42.0,5,332676.0,,,313844.0,714120.0,520831.0,314175.0,290084.0,307843.0
Pennsylvania,PA,42.0,6,381252.0,,,361325.0,725593.0,516389.0,368590.0,344796.0,362469.0
Pennsylvania,PA,42.0,7,381608.0,,,363422.0,722048.0,541680.0,386377.0,365246.0,379502.0
Pennsylvania,PA,42.0,8,375766.0,,,360067.0,695547.0,537910.0,387063.0,360588.0,380818.0
Pennsylvania,PA,42.0,9,320276.0,,,302548.0,705114.0,555896.0,305967.0,281319.0,294565.0
Pennsylvania,PA,42.0,10,337394.0,,,326579.0,727144.0,547580.0,309599.0,283292.0,301105.0
Pennsylvania,PA,42.0,11,337333.0,,,319477.0,728820.0,545860.0,319411.0,292819.0,313221.0
Pennsylvania,PA,42.0,12,358802.0,,,339289.0,701191.0,551580.0,363175.0,346615.0,359204.0
Pennsylvania,PA,42.0,13,337229.0,,,319369.0,698730.0,549529.0,332678.0,318211.0,239316.0
Pennsylvania,PA,42.0,14,358763.0,,,338996.0,691459.0,554526.0,350808.0,339398.0,343292.0
Pennsylvania,PA,42.0,15,336647.0,,,318551.0,685714.0,549483.0,334902.0,307542.0,326474.0
Pennsylvania,PA,42.0,16,327768.0,,,312713.0,692426.0,540100.0,317050.0,292596.0,313773.0
Pennsylvania,PA,42.0,17,340289.0,,,328129.0,711725.0,554549.0,306674.0,281709.0,293164.0
Pennsylvania,PA,42.0,18,375935.0,,,355582.0,699856.0,553521.0,370533.0,346853.0,293684.0
Rhode Island,RI,44.0,1,231703.0,,225826.0,202472.0,532760.0,386615.0,220601.0,214123.0,202371.0
Rhode Island,RI,44.0,2,254528.0,,248072.0,245673.0,523851.0,402447.0,243542.0,231925.0,229148.0
South Carolina,SC,45.0,1,376552.0,,374909.0,366253.0,766664.0,578365.0,333020.0,297932.0,325170.0
South Carolina,SC,45.0,2,336079.0,,334613.0,321119.0,707819.0,526282.0,312625.0,287443.0,304996.0
South Carolina,SC,45.0,3,298140.0,,296839.0,283748.0,684952.0,521624.0,284348.0,263638.0,269540.0
South Carolina,SC,45.0,4,319083.0,,317691.0,304307.0,718032.0,521119.0,301746.0,274553.0,295670.0
South Carolina,SC,45.0,5,321368.0,,319966.0,305737.0,706085.0,530236.0,306200.0,286200.0,273006.0
South Carolina,SC,45.0,6,271422.0,,270238.0,258189.0,662894.0,506771.0,266847.0,275265.0,253901.0
South Carolina,SC,45.0,7,313813.0,,312444.0,299124.0,709479.0,546951.0,298237.0,279084.0,289463.0
Tennessee,TN,47.0,1,283935.0,,280843.0,275691.0,713768.0,557943.0,266960.0,256324.0,253025.0
Tennessee,TN,47.0,2,313344.0,,309932.0,304452.0,738722.0,567265.0,291797.0,276951.0,280856.0
Tennessee,TN,47.0,3,291977.0,,288797.0,283297.0,726454.0,560508.0,277985.0,271565.0,266006.0
Tennessee,TN,47.0,4,298893.0,,295638.0,291100.0,769786.0,567085.0,278111.0,260182.0,254937.0
Tennessee,TN,47.0,5,310155.0,,306777.0,275582.0,765122.0,550436.0,278490.0,273793.0,273544.0
Tennessee,TN,47.0,6,318579.0,,315110.0,309577.0,759176.0,571231.0,299614.0,278928.0,284490.0
Tennessee,TN,47.0,7,314155.0,,310734.0,304640.0,764797.0,560639.0,293172.0,279796.0,277513.0
Tennessee,TN,47.0,8,307753.0,,304402.0,298022.0,708031.0,531381.0,298312.0,305053.0,282733.0
Tennessee,TN,47.0,9,237123.0,,234541.0,230244.0,705233.0,498421.0,223582.0,255982.0,217957.0
Texas,TX,48.0,1,273449.0,,268433.0,264831.0,718215.0,506503.0,264000.0,254139.0,260409.0
Texas,TX,48.0,2,322254.0,,316343.0,316271.0,785386.0,505415.0,279470.0,249651.0,278236.0
Texas,TX,48.0,3,370304.0,,363512.0,367744.0,842866.0,535569.0,320367.0,272754.0,316467.0
Texas,TX,48.0,4,296176.0,,290743.0,286456.0,738929.0,527812.0,280792.0,256207.0,246220.0
Texas,TX,48.0,5,245622.0,,241117.0,237864.0,744338.0,477691.0,234072.0,212739.0,192875.0
Texas,TX,48.0,6,307810.0,,302164.0,301361.0,773108.0,522243.0,276427.0,253879.0,273296.0
Texas,TX,48.0,7,290479.0,,285151.0,285216.0,785024.0,455009.0,258787.0,239846.0,255533.0
Texas,TX,48.0,8,331490.0,,325410.0,321094.0,832589.0,564274.0,296795.0,254251.0,236379.0
Texas,TX,48.0,9,208625.0,,204798.0,202679.0,781992.0,424793.0,192140.0,186328.0,188523.0
Texas,TX,48.0,10,357599.0,,351040.0,353173.0,839780.0,548535.0,316944.0,270225.0,312600.0
Texas,TX,48.0,11,267091.0,,262192.0,258186.0,764038.0,530153.0,250290.0,230407.0,225548.0
Texas,TX,48.0,12,318655.0,,312810.0,309728.0,793259.0,550778.0,284316.0,249908.0,283115.0
Texas,TX,48.0,13,251204.0,,246596.0,243610.0,710847.0,491023.0,240218.0,229620.0,221242.0
Texas,TX,48.0,14,280271.0,,275130.0,270312.0,747166.0,519429.0,264895.0,248155.0,259685.0
Texas,TX,48.0,15,197659.0,,194033.0,190994.0,776971.0,418196.0,185417.0,151401.0,177479.0
Texas,TX,48.0,16,207931.0,,204117.0,201769.0,737368.0,450416.0,193799.0,157466.0,175229.0
Texas,TX,48.0,17,269456.0,,264514.0,261058.0,764593.0,531129.0,249048.0,224153.0,245728.0
Texas,TX,48.0,18,222885.0,,218797.0,215538.0,776383.0,461852.0,206695.0,197271.0,204308.0
Texas,TX,48.0,19,241106.0,,236684.0,233524.0,725504.0,508721.0,229318.0,217690.0,203475.0
Texas,TX,48.0,20,238766.0,,234386.0,231644.0,798543.0,524275.0,218199.0,187897.0,187669.0
Texas,TX,48.0,21,393228.0,,386015.0,391853.0,795908.0,595110.0,361047.0,314695.0,356031.0
Texas,TX,48.0,22,366648.0,,359923.0,363976.0,880197.0,545682.0,308540.0,255127.0,305543.0
Texas,TX,48.0,23,243309.0,,238846.0,237966.0,760106.0,474242.0,232693.0,196474.0,228965.0
Texas,TX,48.0,24,317543.0,,311719.0,317073.0,789219.0,495806.0,277724.0,249162.0,275635.0
Texas,TX,48.0,25,348037.0,,341653.0,340885.0,768407.0,553092.0,314910.0,270896.0,310196.0
Texas,TX,48.0,26,377249.0,,370329.0,368020.0,848154.0,565928.0,320686.0,263283.0,319080.0
Texas,TX,48.0,27,245971.0,,241459.0,237424.0,737102.0,512354.0,235714.0,217844.0,230580.0
Texas,TX,48.0,28,200132.0,,196461.0,193191.0,750331.0,417477.0,189683.0,168929.0,184442.0
Texas,TX,48.0,29,145308.0,,142643.0,140336.0,745389.0,350193.0,134410.0,114939.0,131982.0
Texas,TX,48.0,30,233703.0,,229416.0,226376.0,776026.0,466758.0,221979.0,220638.0,218826.0
Texas,TX,48.0,31,333416.0,,327300.0,327100.0,829808.0,566721.0,289162.0,242794.0,284588.0
Texas,TX,48.0,32,313538.0,,307787.0,307968.0,764700.0,493394.0,279678.0,256958.0,229171.0
Texas,TX,48.0,33,138603.0,,136061.0,133895.0,736783.0,331690.0,130398.0,120519.0,126369.0
Texas,TX,48.0,34,182582.0,,179233.0,176499.0,722603.0,417848.0,172957.0,149560.0,166961.0
Texas,TX,48.0,35,225796.0,,221654.0,219177.0,806895.0,511004.0,201728.0,167522.0,197576.0
Texas,TX,48.0,36,271760.0,,266775.0,261981.0,736668.0,508381.0,255909.0,240512.0,218565.0
Utah,UT,49.0,1,313665.0,305816.0,,305044.0,751772.0,494573.0,280427.0,250287.0,277451.0
Utah,UT,49.0,2,311242.0,303454.0,,302879.0,752756.0,501465.0,283684.0,255210.0,276819.0
Utah,UT,49.0,3,323953.0,315847.0,,315162.0,749828.0,491849.0,289908.0,265866.0,285305.0
Utah,UT,49.0,4,314246.0,306382.0,,311716.0,790994.0,495024.0,277296.0,246075.0,274569.0
Vermont,VT,50.0,0,333637.0,327906.0,,322246.0,624977.0,494674.0,320467.0,299290.0,320467.0
Virginia,VA,51.0,1,404888.0,,397522.0,384223.0,785774.0,570904.0,398477.0,365727.0,384601.0
Virginia,VA,51.0,2,333064.0,,327005.0,321475.0,738568.0,554237.0,323656.0,319449.0,310567.0
Virginia,VA,51.0,3,318353.0,,312561.0,301981.0,738833.0,554975.0,326030.0,332791.0,312340.0
Virginia,VA,51.0,4,357328.0,,350827.0,338454.0,765419.0,584924.0,365456.0,362176.0,346656.0
Virginia,VA,51.0,5,356457.0,,349972.0,337390.0,734216.0,570230.0,368350.0,359364.0,356756.0
Virginia,VA,51.0,6,344127.0,,337866.0,327105.0,750774.0,575964.0,348287.0,335494.0,338409.0
Virginia,VA,51.0,7,399981.0,,392704.0,386453.0,777354.0,561597.0,395331.0,392219.0,379163.0
Virginia,VA,51.0,8,384007.0,,377021.0,366795.0,792945.0,517766.0,370852.0,360420.0,360676.0
Virginia,VA,51.0,9,310626.0,,304975.0,266833.0,711468.0,569316.0,319295.0,311877.0,310314.0
Virginia,VA,51.0,10,424674.0,,416948.0,412932.0,826914.0,538859.0,407078.0,374617.0,400083.0
Virginia,VA,51.0,11,372060.0,,365291.0,354573.0,791509.0,497472.0,359934.0,340349.0,282003.0
Washington,WA,53.0,1,376289.0,367340.0,,366090.0,742135.0,506579.0,360789.0,339489.0,349398.0
Washington,WA,53.0,2,347646.0,339378.0,,337483.0,730430.0,533388.0,337428.0,313668.0,325408.0
Washington,WA,53.0,3,330365.0,322508.0,,324410.0,719101.0,523293.0,325736.0,303483.0,313277.0
Washington,WA,53.0,4,253082.0,247063.0,,244630.0,719814.0,432798.0,250819.0,238940.0,229919.0
Washington,WA,53.0,5,329891.0,322045.0,,320202.0,705266.0,533997.0,330372.0,315425.0,323534.0
Washington,WA,53.0,6,349021.0,340720.0,,338430.0,698764.0,543134.0,344177.0,329190.0,327834.0
Washington,WA,53.0,7,441939.0,431428.0,,433290.0,768042.0,581651.0,429657.0,392419.0,378754.0
Washington,WA,53.0,8,351045.0,342696.0,,342573.0,737080.0,506305.0,331785.0,313967.0,320865.0
Washington,WA,53.0,9,319247.0,311654.0,,310451.0,738464.0,482627.0,300973.0,286875.0,281482.0
Washington,WA,53.0,10,317820.0,310261.0,,280421.0,735240.0,530202.0,305277.0,292060.0,290564.0
West Virginia,WV,54.0,1,255167.0,251940.0,250816.0,243887.0,614325.0,489454.0,243894.0,227948.0,237003.0
West Virginia,WV,54.0,2,263038.0,259712.0,258553.0,251203.0,623350.0,485454.0,250267.0,234596.0,242014.0
West Virginia,WV,54.0,3,231926.0,228993.0,227971.0,221426.0,591379.0,467127.0,218890.0,207894.0,207332.0
Wisconsin,WI,55.0,1,359026.0,,,348125.0,717432.0,535340.0,360215.0,380220.0,354245.0
Wisconsin,WI,55.0,2,416964.0,,,405986.0,754999.0,562526.0,417736.0,417078.0,398060.0
Wisconsin,WI,55.0,3,364383.0,,,359291.0,719855.0,559186.0,363852.0,364327.0,260370.0
Wisconsin,WI,55.0,4,304456.0,,,295119.0,713066.0,494258.0,312263.0,357328.0,286909.0
Wisconsin,WI,55.0,5,400068.0,,,389602.0,723040.0,552655.0,404032.0,420336.0,390844.0
Wisconsin,WI,55.0,6,363976.0,,,353753.0,713439.0,548845.0,369809.0,383339.0,357183.0
Wisconsin,WI,55.0,7,371145.0,,,360930.0,708307.0,547760.0,374261.0,374897.0,362271.0
Wisconsin,WI,55.0,8,371987.0,,,361593.0,728256.0,546843.0,373978.0,373904.0,363780.0
Wyoming,WY,56.0,0,270490.0,,264124.0,259610.0,581836.0,432284.0,258788.0,250701.0,258788.0
Nevada,NV,32.0,1,211659.0,,,204906.0,689384.0,408976.0,196839.0,187685.0,188352.0
Nevada,NV,32.0,2,350947.0,,,340567.0,708357.0,508233.0,326011.0,293476.0,313336.0
Nevada,NV,32.0,3,383274.0,,,378522.0,785285.0,563428.0,325602.0,283655.0,310963.0
Nevada,NV,32.0,4,303662.0,,,296375.0,739823.0,493015.0,276931.0,250100.0,265846.0
South Dakota,SD,46.0,0,387147.0,,383714.0,334369.0,864289.0,635405.0,370093.0,363815.0,369973.0
Montana,MT,30.0,0,533002.0,529546.0,527198.0,524189.0,1041732.0,804263.0,494526.0,484048.0,507831.0
